id;phone;access_token;first_name;last_name;lang_key;gender;score;likes;status;created_by;created_date;last_modified_by;last_modified_date
1;855-719-2073;optical Credit programmingXXXXXX;Justus;Hodkiewicz;THX ap;MALE;5;62030;INACTIVE;Cambridgeshire Books maximized;2022-03-27T21:36:36;Tonga bluetooth;2022-03-27T12:58:22
2;482-815-7309;Avon cultivateXXXXXXXXXXXXXXXXXX;Stacey;Olson;Bacon;FEMALE;0;95653;BLOCKED;magnetic time-frame;2022-03-28T04:32:47;multi-byte Awesome schemas;2022-03-27T21:55:42
3;553-837-7573;SDD cross-platformXXXXXXXXXXXXXX;Lucile;Tremblay;Open-a;MALE;3;17321;INACTIVE;index array;2022-03-28T08:08:45;Computer Cotton user-centric;2022-03-28T00:15:26
4;(764) 768-57;quantify SleekXXXXXXXXXXXXXXXXXX;Asa;Hayes;hard;FEMALE;2;17518;ACTIVE;Plastic communities;2022-03-28T07:19:58;contextually-based;2022-03-27T20:08:06
5;899.248.1081;transmit AccountXXXXXXXXXXXXXXXX;Lelia;Weber;Specia;MALE;5;37374;INACTIVE;radical;2022-03-27T15:30:39;Loan;2022-03-27T16:38:42
6;254.286.9388;indexing web-enabled bypassXXXXX;Amari;Torp;Liaiso;FEMALE;5;45459;INACTIVE;Licensed application;2022-03-28T04:34:54;generating Keyboard Lead;2022-03-28T00:20:12
7;1-527-928-46;collaboration Berkshire Pakistan;Eunice;Luettgen;bypass;FEMALE;2;72261;ACTIVE;Multi-lateral Interface;2022-03-28T11:15:45;Unbranded Face;2022-03-27T16:40:27
8;(944) 734-12;NetworkedXXXXXXXXXXXXXXXXXXXXXXX;Keshawn;Brekke;hack;FEMALE;0;81792;BLOCKED;Meadow;2022-03-28T05:54:49;Car;2022-03-28T12:30:12
9;1-799-548-26;Corporate busXXXXXXXXXXXXXXXXXXX;Pablo;Osinski;SCSI c;FEMALE;4;91353;BLOCKED;Soft magenta Handmade;2022-03-27T22:51:41;Intelligent ivory;2022-03-28T05:17:38
10;(642) 813-48;paymentXXXXXXXXXXXXXXXXXXXXXXXXX;Nola;Nitzsche;Green ;FEMALE;5;66754;BLOCKED;open-source copy optimal;2022-03-28T05:28:09;Cliff synergistic;2022-03-28T04:49:13
